{"cameraMode":{"drawMode":0,"name":"Shaded","section":"Shading Mode"},"sceneLighting":true,"audioPlay":false,"sceneViewState":{"showFog":true,"showMaterialUpdate":false,"showSkybox":true,"showFlares":true,"showImageEffects":true,"showParticleSystems":true},"in2DMode":false,"pivot":{"x":0.24869346618652345,"y":0.35300636291503909,"z":-1.2934322357177735},"rotation":{"x":-0.09621939063072205,"y":0.9006929993629456,"z":-0.33625978231430056,"w":-0.257730096578598},"size":10.0,"orthographic":false}